780.24660	0.00000	17.62000	17.63229	0.95716	1.25317	3.89278
780.24651	0.00000	17.62000	17.62802	0.95459	1.24030	3.72161
780.24658	0.00000	17.62000	17.62683	0.95201	1.24416	3.97515
780.24654	0.00000	17.62000	17.62725	0.95072	1.23515	3.86447
780.24655	0.00000	17.62000	17.62667	0.94944	1.23772	3.84774
780.24656	0.00000	17.62000	17.62856	0.94944	1.22485	3.85546
780.24654	0.00000	17.62000	17.62658	0.94815	1.22614	3.73963
780.24659	0.00000	17.62000	17.62780	0.94172	1.21971	3.59806
780.24653	0.00000	17.62000	17.62756	0.94172	1.20941	3.43590
780.24655	0.00000	17.62000	17.62664	0.93528	1.20812	3.34839
780.24578	0.00000	17.62050	17.61746	0.94429	1.04081	3.12574
780.24577	0.00000	17.62050	17.61248	0.94043	1.04725	-1.54861
780.24576	0.00000	17.62050	17.61425	0.95459	1.04339	-1.55504
780.24572	0.00000	17.62050	17.61315	0.95845	1.05754	-1.58336
780.24571	0.00000	17.62050	17.61276	0.95845	1.05883	-1.59494
780.24573	0.00000	17.62050	17.61254	0.96359	1.05883	-1.61811
780.24574	0.00000	17.62050	17.61260	0.97646	1.06141	-1.63612
780.24576	0.00000	17.62050	17.61221	0.96874	1.06655	-1.63741
780.24575	0.00000	17.62050	17.61221	0.97389	1.06913	-1.64771
780.24572	0.00000	17.62050	17.61254	0.97260	1.06913	-1.65414
780.24573	0.00000	17.62100	17.61840	0.95459	1.05111	-1.67216
780.24575	0.00000	17.62100	17.61718	0.94815	1.04854	-1.58979
780.24573	0.00000	17.62100	17.61355	0.95072	1.04854	-1.57435
780.24577	0.00000	17.62100	17.61379	0.95072	1.04854	-1.57435
780.24577	0.00000	17.62100	17.61309	0.94944	1.04854	-1.57692
780.24578	0.00000	17.62100	17.61358	0.94944	1.05240	-1.59494
780.24577	0.00000	17.62100	17.61608	0.94944	1.04982	-1.57950
780.24574	0.00000	17.62100	17.61511	0.94429	1.04467	-1.56663
780.24572	0.00000	17.62100	17.61575	0.94172	1.04081	-1.57435
780.24576	0.00000	17.62100	17.61404	0.93657	1.04081	-1.56277
780.24579	0.00000	17.62150	17.61621	0.92370	1.02794	-1.54217
780.24580	0.00000	17.62150	17.61505	0.92112	1.02280	-1.44951
780.24578	0.00000	17.62150	17.61688	0.92112	1.02408	-1.44050
780.24576	0.00000	17.62150	17.61746	0.91855	1.02151	-1.42248
780.24577	0.00000	17.62150	17.61675	0.92241	1.02280	-1.42377
780.24578	0.00000	17.62150	17.61895	0.91855	1.02022	-1.42248
780.24581	0.00000	17.62150	17.61865	0.91340	1.01765	-1.41348
780.24579	0.00000	17.62150	17.61349	0.91469	1.01765	-1.40447
780.24578	0.00000	17.62150	17.61675	0.91855	1.02151	-1.40447
780.24575	0.00000	17.62150	17.61840	0.91855	1.02408	-1.39160
780.24580	0.00000	17.62200	17.61556	0.90182	1.00735	-1.37100
780.24581	0.00000	17.62200	17.61740	0.89667	0.99963	-1.29121
780.24583	0.00000	17.62200	17.61392	0.89796	1.00092	-1.28349
780.24583	0.00000	17.62200	17.61941	0.94429	1.00349	-1.27834
780.24581	0.00000	17.62200	17.61865	0.88380	1.00092	-1.21399
780.24579	0.00000	17.62200	17.61813	0.88509	0.99577	-1.23330
780.24579	0.00000	17.62200	17.61813	0.88638	0.99191	-1.24102
780.24580	0.00000	17.62200	17.61904	0.88509	0.99448	-1.24359
780.24581	0.00000	17.62200	17.61941	0.88509	0.99320	-1.21785
780.24583	0.00000	17.62200	17.61846	0.88509	0.99062	-1.22944
780.24582	0.00000	17.62250	17.61566	0.87093	0.97904	-1.22815
780.24580	0.00000	17.62250	17.61932	0.87093	0.97904	-1.15608
780.24581	0.00000	17.62250	17.61764	0.86578	0.97389	-1.14063
780.24585	0.00000	17.62250	17.61953	0.86707	0.97646	-1.14964
780.24586	0.00000	17.62250	17.61859	0.86836	0.97775	-1.15350
780.24586	0.00000	17.62250	17.61709	0.86578	0.97904	-1.14449
780.24582	0.00000	17.62250	17.61975	0.87222	0.97904	-1.14578
780.24582	0.00000	17.62250	17.62002	0.86836	0.97775	-1.14449
780.24582	0.00000	17.62250	17.61959	0.87093	0.97904	-1.14449
780.24584	0.00000	17.62250	17.61968	0.87222	0.97904	-1.14836
780.24588	0.00000	17.62300	17.61480	0.85677	0.96617	-1.14449
780.24586	0.00000	17.62300	17.61727	0.85806	0.96874	-1.08401
780.24587	0.00000	17.62300	17.61981	0.85935	0.96746	-1.08658
780.24584	0.00000	17.62300	17.61672	0.85935	0.96874	-1.08658
780.24584	0.00000	17.62300	17.61981	0.85806	0.97003	-1.09044
780.24587	0.00000	17.62300	17.61798	0.86064	0.96746	-1.07886
780.24589	0.00000	17.62300	17.61785	0.85935	0.97003	-1.08787
780.24587	0.00000	17.62300	17.61819	0.86192	0.96874	-1.07114
780.24584	0.00000	17.62300	17.61981	0.86064	0.96874	-1.08014
780.24584	0.00000	17.62300	17.61758	0.86321	0.97260	-1.09173
780.24592	0.00000	17.62350	17.61587	0.84648	0.95716	-1.07242
780.24591	0.00000	17.62350	17.61532	0.85034	0.96102	-1.02995
780.24592	0.00000	17.62350	17.62094	0.85163	0.95845	-1.03896
780.24588	0.00000	17.62350	17.61813	0.84905	0.95587	-1.03381
780.24587	0.00000	17.62350	17.61868	0.84390	0.95459	-1.02867
780.24587	0.00000	17.62350	17.61825	0.84648	0.95845	-1.03381
780.24590	0.00000	17.62350	17.61834	0.85163	0.95845	-1.04282
780.24591	0.00000	17.62350	17.61926	0.85291	0.96359	-1.04025
780.24590	0.00000	17.62350	17.61968	0.85549	0.96488	-1.03510
780.24588	0.00000	17.62350	17.61892	0.85806	0.95973	-1.04025
780.24589	0.00000	17.62400	17.61584	0.84519	0.95330	-1.03896
780.24590	0.00000	17.62400	17.61880	0.83490	0.95072	-0.99006
780.24592	0.00000	17.62400	17.61553	0.84390	0.95459	-0.99906
780.24594	0.00000	17.62400	17.62112	0.84262	0.95201	-0.97976
780.24594	0.00000	17.62400	17.62014	0.84262	0.94172	-0.99778
780.24591	0.00000	17.62400	17.62048	0.83103	0.95201	-0.97847
780.24588	0.00000	17.62400	17.61804	0.83747	0.95201	-0.98491
780.24590	0.00000	17.62400	17.61999	0.83876	0.95459	-0.98877
780.24591	0.00000	17.62400	17.62057	0.84390	0.95459	-0.98491
780.24594	0.00000	17.62400	17.62002	0.84519	0.95459	-1.00550
780.24592	0.00000	17.62450	17.61596	0.82975	0.94300	-1.00807
780.24593	0.00000	17.62450	17.62072	0.83361	0.94300	-0.94501
780.24591	0.00000	17.62450	17.61981	0.83490	0.94815	-0.93986
780.24592	0.00000	17.62450	17.61819	0.83232	0.94944	-0.94887
780.24593	0.00000	17.62450	17.62023	0.82975	0.94429	-0.95402
780.24596	0.00000	17.62450	17.61785	0.83361	0.94944	-0.96045
780.24597	0.00000	17.62450	17.61990	0.82975	0.94429	-0.94887
780.24595	0.00000	17.62450	17.61785	0.83490	0.94686	-0.95145
780.24594	0.00000	17.62450	17.62017	0.83618	0.94558	-0.96045
780.24593	0.00000	17.62450	17.61718	0.82717	0.94815	-0.95917
780.24600	0.00000	17.62500	17.61819	0.80916	0.93142	-0.95273
780.24599	0.00000	17.62500	17.62081	0.80916	0.93142	-0.79958
780.24598	0.00000	17.62500	17.62222	0.80529	0.93013	-0.81760
780.24600	0.00000	17.62500	17.61807	0.81044	0.92885	-0.80473
780.24597	0.00000	17.62500	17.61859	0.80787	0.92885	-0.79443
780.24597	0.00000	17.62500	17.61804	0.81044	0.92885	-0.81889
780.24600	0.00000	17.62500	17.61846	0.80529	0.92756	-0.82790
780.24600	0.00000	17.62500	17.61895	0.80401	0.92627	-0.81374
780.24603	0.00000	17.62500	17.61895	0.80143	0.92627	-0.81116
780.24598	0.00000	17.62500	17.61736	0.80529	0.92627	-0.81116
780.24604	0.00000	17.62550	17.61907	0.79500	0.91855	-0.79701
780.24606	0.00000	17.62550	17.61740	0.79371	0.91984	-0.69920
780.24605	0.00000	17.62550	17.61880	0.79114	0.91598	-0.68375
780.24602	0.00000	17.62550	17.61831	0.79242	0.91598	-0.68890
780.24600	0.00000	17.62550	17.61913	0.78084	0.91598	-0.71721
780.24600	0.00000	17.62550	17.61840	0.78728	0.91598	-0.71593
780.24602	0.00000	17.62550	17.62316	0.78470	0.91340	-0.70949
780.24605	0.00000	17.62550	17.61807	0.78213	0.91083	-0.71335
780.24603	0.00000	17.62550	17.61859	0.77955	0.90825	-0.73652
780.24601	0.00000	17.62550	17.61825	0.78084	0.90825	-0.74038
780.24604	0.00000	17.62600	17.61935	0.77312	0.90439	-0.76226
780.24604	0.00000	17.62600	17.61956	0.76797	0.89538	-0.59624
780.24606	0.00000	17.62600	17.61859	0.76669	0.89924	-0.59624
780.24605	0.00000	17.62600	17.61868	0.76540	0.90053	-0.62198
780.24606	0.00000	17.62600	17.61840	0.76540	0.89538	-0.65286
780.24603	0.00000	17.62600	17.61791	0.76540	0.89667	-0.66187
780.24603	0.00000	17.62600	17.61846	0.76797	0.89667	-0.65801
780.24604	0.00000	17.62600	17.61807	0.76282	0.89796	-0.68118
780.24607	0.00000	17.62600	17.61886	0.76411	0.89410	-0.67474
780.24606	0.00000	17.62600	17.61791	0.76926	0.89667	-0.67088
780.24606	0.00000	17.62650	17.62286	0.76154	0.89410	-0.70434
780.24604	0.00000	17.62650	17.62396	0.75896	0.89538	-0.52159
780.24607	0.00000	17.62650	17.62313	0.76154	0.89796	-0.54991
780.24607	0.00000	17.62650	17.62008	0.76282	0.89796	-0.51516
780.24609	0.00000	17.62650	17.61846	0.76411	0.89924	-0.52417
780.24610	0.00000	17.62650	17.61834	0.76797	0.89538	-0.55119
780.24608	0.00000	17.62650	17.61840	0.76154	0.89796	-0.51644
780.24607	0.00000	17.62650	17.61941	0.76282	0.90053	-0.52030
780.24605	0.00000	17.62650	17.61831	0.77055	0.89667	-0.54347
780.24608	0.00000	17.62650	17.61932	0.76025	0.89924	-0.54347
780.24613	0.00000	17.62700	17.62356	0.75639	0.89667	-0.54218
780.24611	0.00000	17.62700	17.62014	0.75639	0.90182	-0.20113
780.24609	0.00000	17.62700	17.62332	0.75639	0.90311	-0.24618
780.24607	0.00000	17.62700	17.61904	0.75639	0.90053	-0.24103
780.24610	0.00000	17.62700	17.61981	0.75639	0.90568	-0.20242
780.24612	0.00000	17.62700	17.61929	0.75382	0.89924	-0.22687
780.24613	0.00000	17.62700	17.61892	0.75510	0.90568	-0.19856
780.24611	0.00000	17.62700	17.61926	0.75639	0.90311	-0.18955
780.24609	0.00000	17.62700	17.61892	0.75896	0.90697	-0.19084
780.24608	0.00000	17.62700	17.61880	0.76154	0.91211	-0.19856
780.24615	0.00000	17.62750	17.62173	0.76411	0.92756	-0.22301
780.24615	0.00000	17.62750	17.62188	0.75382	0.93013	0.44622
780.24615	0.00000	17.62750	17.62512	0.75510	0.93013	0.60452
780.24611	0.00000	17.62750	17.61962	0.75639	0.92885	0.54146
780.24611	0.00000	17.62750	17.61999	0.75382	0.93013	0.45395
780.24613	0.00000	17.62750	17.62524	0.75639	0.93142	0.53245
780.24614	0.00000	17.62750	17.61959	0.75510	0.93914	0.56591
780.24616	0.00000	17.62750	17.61975	0.75639	0.93657	0.58393
780.24614	0.00000	17.62750	17.61935	0.75639	0.93785	0.65729
780.24612	0.00000	17.62750	17.62036	0.75639	0.93914	0.80401
780.24617	0.00000	17.62800	17.62350	0.75382	0.96874	0.83490
780.24618	0.00000	17.62800	17.61981	0.75639	0.96617	1.67273
780.24618	0.00000	17.62800	17.62039	0.75510	0.96746	1.50027
780.24617	0.00000	17.62800	17.61987	0.75382	0.96231	1.60065
780.24615	0.00000	17.62800	17.61996	0.75382	0.96231	1.60580
780.24615	0.00000	17.62800	17.62020	0.75768	0.95845	1.63926
780.24616	0.00000	17.62800	17.61990	0.75510	0.95845	1.46295
780.24618	0.00000	17.62800	17.62036	0.75510	0.96102	1.33682
780.24617	0.00000	17.62800	17.61987	0.75382	0.96359	1.37157
780.24614	0.00000	17.62800	17.62005	0.75253	0.95716	1.38058
780.24616	0.00000	17.62850	17.62335	0.75124	0.92112	1.37414
780.24616	0.00000	17.62850	17.62469	0.75510	0.92370	0.44365
780.24618	0.00000	17.62850	17.62356	0.74995	0.91855	0.36386
780.24620	0.00000	17.62850	17.62219	0.75382	0.91598	0.33168
780.24621	0.00000	17.62850	17.62029	0.75124	0.91598	0.33040
780.24618	0.00000	17.62850	17.62100	0.75253	0.91984	0.52087
780.24617	0.00000	17.62850	17.62066	0.75253	0.91726	0.28792
780.24620	0.00000	17.62850	17.62090	0.75124	0.92241	0.34327
780.24621	0.00000	17.62850	17.62020	0.75382	0.91855	0.26605
780.24621	0.00000	17.62850	17.62109	0.75382	0.92241	0.34198
780.24623	0.00000	17.62900	17.62182	0.75768	0.90825	0.36772
780.24621	0.00000	17.62900	17.62664	0.75253	0.91083	0.02152
780.24620	0.00000	17.62900	17.62625	0.75510	0.91083	0.01637
780.24623	0.00000	17.62900	17.62097	0.75510	0.91083	0.02281
780.24625	0.00000	17.62900	17.62081	0.75510	0.91211	0.03825
780.24626	0.00000	17.62900	17.62069	0.75124	0.90568	0.04340
780.24623	0.00000	17.62900	17.62249	0.75124	0.90825	0.01894
780.24621	0.00000	17.62900	17.62100	0.75382	0.91211	0.03567
780.24620	0.00000	17.62900	17.62103	0.75124	0.90954	0.02281
780.24622	0.00000	17.62900	17.62139	0.75382	0.91211	0.03954
780.24627	0.00000	17.62950	17.62652	0.75510	0.91469	0.05627
780.24627	0.00000	17.62950	17.62368	0.75768	0.90954	0.02152
780.24624	0.00000	17.62950	17.62625	0.75253	0.91340	0.01380
780.24624	0.00000	17.62950	17.62213	0.75382	0.91083	0.01380
780.24622	0.00000	17.62950	17.62252	0.75896	0.90697	0.01508
780.24626	0.00000	17.62950	17.62356	0.75382	0.90568	0.00093
780.24626	0.00000	17.62950	17.62173	0.75124	0.90825	0.01122
780.24627	0.00000	17.62950	17.62347	0.74995	0.90954	0.00865
780.24625	0.00000	17.62950	17.62631	0.75382	0.90697	0.01251
780.24625	0.00000	17.62950	17.62469	0.74995	0.90954	-0.00036
780.24627	0.00000	17.63000	17.62670	0.75896	0.92112	0.00479
780.24627	0.00000	17.63000	17.62234	0.76025	0.92370	0.20684
780.24629	0.00000	17.63000	17.62222	0.76154	0.92627	0.24417
780.24629	0.00000	17.63000	17.62484	0.76540	0.92627	0.23645
780.24629	0.00000	17.63000	17.62496	0.76282	0.92756	0.25575
780.24626	0.00000	17.63000	17.62689	0.76411	0.92627	0.22615
780.24627	0.00000	17.63000	17.62518	0.76669	0.92756	0.24803
780.24628	0.00000	17.63000	17.62530	0.76282	0.93013	0.27634
780.24628	0.00000	17.63000	17.62551	0.77569	0.93013	0.29307
780.24632	0.00000	17.63000	17.62591	0.75768	0.92241	0.26862
780.24630	0.00000	17.63050	17.62567	0.77441	0.94944	0.31881
780.24631	0.00000	17.63050	17.62634	0.77183	0.95459	0.73580
780.24632	0.00000	17.63050	17.62585	0.77441	0.95330	0.73708
780.24632	0.00000	17.63050	17.62518	0.77312	0.95716	0.70748
780.24628	0.00000	17.63050	17.62518	0.77698	0.95973	0.67660
780.24631	0.00000	17.63050	17.62679	0.77183	0.95330	0.66115
780.24628	0.00000	17.63050	17.62390	0.77055	0.95587	0.69204
780.24628	0.00000	17.63050	17.62643	0.77312	0.95459	0.71134
780.24631	0.00000	17.63050	17.62579	0.77055	0.95201	0.70362
780.24634	0.00000	17.63050	17.62646	0.77569	0.95072	0.68947
780.24632	0.00000	17.63100	17.62878	0.78213	0.98547	0.67273
780.24630	0.00000	17.63100	17.62838	0.78213	0.98161	1.35999
780.24631	0.00000	17.63100	17.62777	0.78342	0.97775	1.26604
780.24634	0.00000	17.63100	17.62606	0.78084	0.98933	1.37286
780.24635	0.00000	17.63100	17.62390	0.78084	0.98419	1.33811
780.24635	0.00000	17.63100	17.62469	0.78342	0.98547	1.37286
780.24628	0.00000	17.63100	17.62478	0.77827	0.98161	1.33039
780.24633	0.00000	17.63100	17.62628	0.77955	0.98161	1.23772
780.24634	0.00000	17.63100	17.62530	0.77698	0.97518	1.18367
780.24636	0.00000	17.63100	17.62524	0.77698	0.97646	1.33682
780.24631	0.00000	17.63150	17.62847	0.78599	1.02151	1.20555
780.24635	0.00000	17.63150	17.62908	0.78856	1.02280	2.26345
780.24631	0.00000	17.63150	17.62777	0.77698	1.01893	2.22356
780.24633	0.00000	17.63150	17.62496	0.78985	1.02923	2.14891
780.24640	0.00000	17.63150	17.62457	0.79242	1.02280	2.26345
780.24635	0.00000	17.63150	17.62496	0.78342	1.02022	2.34711
780.24632	0.00000	17.63150	17.62356	0.79371	1.02537	2.33553
780.24635	0.00000	17.63150	17.62438	0.79114	1.03052	2.30592
780.24635	0.00000	17.63150	17.62435	0.78728	1.01893	2.21712
780.24638	0.00000	17.63150	17.62652	0.80015	1.02408	2.20554
780.24635	0.00000	17.63200	17.62841	0.80916	1.09873	2.30464
780.24637	0.00000	17.63200	17.62921	0.80787	1.09744	3.93783
780.24635	0.00000	17.63200	17.62417	0.80272	1.10774	4.10127
780.24637	0.00000	17.63200	17.62457	0.80529	1.11289	4.10385
780.24644	0.00000	17.63200	17.62390	0.80529	1.10130	3.99703
780.24641	0.00000	17.63200	17.62402	0.80658	1.10002	4.07167
780.24637	0.00000	17.63200	17.62399	0.81044	1.12318	4.25314
780.24638	0.00000	17.63200	17.62463	0.80529	1.11803	4.41015
780.24637	0.00000	17.63200	17.62365	0.82331	1.12189	4.56974
780.24640	0.00000	17.63200	17.62383	0.81044	1.13476	4.45777
780.24640	0.00000	17.63250	17.62472	0.82717	1.22228	4.91851
780.24637	0.00000	17.63250	17.62997	0.82074	1.22743	6.97898
780.24638	0.00000	17.63250	17.62484	0.82975	1.22743	6.84514
780.24641	0.00000	17.63250	17.62441	0.82717	1.23386	6.99829
780.24645	0.00000	17.63250	17.62524	0.82846	1.22871	6.94295
780.24640	0.00000	17.63250	17.62463	0.83232	1.23258	6.98542
780.24638	0.00000	17.63250	17.62652	0.83361	1.23000	6.91077
780.24638	0.00000	17.63250	17.62469	0.83361	1.22871	6.96483
780.24640	0.00000	17.63250	17.62417	0.83618	1.23000	6.93265
780.24643	0.00000	17.63250	17.62512	0.83747	1.23386	6.90305
780.24642	0.00000	17.63300	17.62686	0.85677	1.16823	6.74089
780.24643	0.00000	17.63300	17.62634	0.85034	1.16823	4.60063
780.24644	0.00000	17.63300	17.62518	0.85163	1.16050	4.63409
780.24645	0.00000	17.63300	17.62676	0.85034	1.17209	4.62765
780.24645	0.00000	17.63300	17.62658	0.85163	1.16308	4.48995
780.24643	0.00000	17.63300	17.62591	0.85163	1.16308	4.34709
780.24646	0.00000	17.63300	17.62530	0.85163	1.15664	4.70616
780.24641	0.00000	17.63300	17.62539	0.85420	1.15536	4.19651
780.24643	0.00000	17.63300	17.62536	0.85163	1.15278	4.12830
780.24647	0.00000	17.63300	17.62502	0.85291	1.15536	4.37154
780.24646	0.00000	17.63350	17.62933	0.86321	1.10645	3.96485
780.24645	0.00000	17.63350	17.63000	0.86578	1.10774	2.42948
780.24646	0.00000	17.63350	17.62747	0.86578	1.10259	2.33553
780.24649	0.00000	17.63350	17.62564	0.86836	1.10645	2.14505
780.24649	0.00000	17.63350	17.62692	0.86707	1.10002	2.25444
780.24645	0.00000	17.63350	17.62658	0.86964	1.10388	2.26860
780.24646	0.00000	17.63350	17.62759	0.86964	1.09873	2.24930
780.24647	0.00000	17.63350	17.62719	0.87479	1.10130	2.05110
780.24649	0.00000	17.63350	17.62878	0.87479	1.10130	2.19396
780.24649	0.00000	17.63350	17.62692	0.87608	1.10002	2.13089
780.24648	0.00000	17.63400	17.62655	0.89410	1.09615	2.02407
780.24649	0.00000	17.63400	17.62948	0.89410	1.09873	1.60966
780.24650	0.00000	17.63400	17.62893	0.89796	1.10259	1.62253
780.24651	0.00000	17.63400	17.62634	0.89924	1.10645	1.61224
780.24653	0.00000	17.63400	17.62918	0.90439	1.11289	1.66629
780.24649	0.00000	17.63400	17.62716	0.90568	1.11289	1.69074
780.24648	0.00000	17.63400	17.62689	0.90697	1.11546	1.70747
780.24650	0.00000	17.63400	17.62887	0.90568	1.11675	1.76668
780.24651	0.00000	17.63400	17.62887	0.91083	1.11546	1.73064
780.24650	0.00000	17.63400	17.62863	0.91083	1.12318	1.69718
780.24651	0.00000	17.63450	17.62625	0.92756	1.19911	1.79370
780.24654	0.00000	17.63450	17.62814	0.93399	1.19911	3.15534
780.24654	0.00000	17.63450	17.62716	0.92370	1.20941	3.71132
780.24654	0.00000	17.63450	17.63070	0.92756	1.20812	3.79111
780.24653	0.00000	17.63450	17.63143	0.93271	1.21198	3.73062
780.24651	0.00000	17.63450	17.62997	0.93142	1.20426	3.78339
780.24651	0.00000	17.63450	17.63073	0.92498	1.20426	3.63796
780.24653	0.00000	17.63450	17.63027	0.92370	1.19397	3.66885
780.24654	0.00000	17.63450	17.63128	0.92756	1.19525	3.55302
780.24653	0.00000	17.63450	17.63128	0.92241	1.19525	3.50025
780.24654	0.00000	17.63500	17.62933	0.92498	1.18238	3.79626
780.24656	0.00000	17.63500	17.62994	0.94815	1.19397	2.61609
780.24657	0.00000	17.63500	17.62716	0.94300	1.18367	2.90309
780.24658	0.00000	17.63500	17.63265	0.93785	1.17595	2.45650
780.24654	0.00000	17.63500	17.63238	0.93399	1.17852	2.87863
780.24653	0.00000	17.63500	17.63149	0.93785	1.17852	3.13217
780.24653	0.00000	17.63500	17.63195	0.93785	1.19139	2.51442
780.24657	0.00000	17.63500	17.63244	0.93271	1.19139	2.90824
780.24658	0.00000	17.63500	17.63223	0.93271	1.17981	2.54917
780.24657	0.00000	17.63500	17.63171	0.93399	1.18110	2.88507
780.24655	0.00000	17.63550	17.62817	0.95201	1.12704	3.04594
780.24660	0.00000	17.63550	17.62838	0.94944	1.12447	0.78342
780.24661	0.00000	17.63550	17.63012	0.94686	1.12833	0.94043
780.24661	0.00000	17.63550	17.63290	0.94558	1.12189	0.99448
780.24659	0.00000	17.63550	17.63244	0.94686	1.12833	0.79371
780.24657	0.00000	17.63550	17.63293	0.94815	1.12833	0.86450
780.24658	0.00000	17.63550	17.63268	0.94944	1.13090	0.80787
780.24660	0.00000	17.63550	17.63250	0.94300	1.12318	0.69333
780.24660	0.00000	17.63550	17.63244	0.94686	1.12576	0.92112
780.24659	0.00000	17.63550	17.63299	0.96231	1.12189	0.63026
780.24660	0.00000	17.63600	17.62838	0.95973	1.11160	0.82589
780.24662	0.00000	17.63600	17.62930	0.96231	1.11289	-0.01709
780.24662	0.00000	17.63600	17.63336	0.96488	1.10645	0.00994
780.24664	0.00000	17.63600	17.63311	0.96746	1.11289	-0.05828
780.24662	0.00000	17.63600	17.63342	0.96617	1.11289	-0.07115
780.24658	0.00000	17.63600	17.63323	0.96488	1.10902	-0.03511
780.24660	0.00000	17.63600	17.63302	0.95845	1.11160	-0.02739
780.24663	0.00000	17.63600	17.63296	0.96359	1.11289	0.02281
780.24663	0.00000	17.63600	17.63333	0.95845	1.11289	0.00479
780.24662	0.00000	17.63600	17.63339	0.96746	1.11289	-0.07887
780.24663	0.00000	17.63650	17.62924	0.98033	1.11546	-0.06600
780.24662	0.00000	17.63650	17.63317	0.98161	1.11160	-0.37101
780.24662	0.00000	17.63650	17.63140	0.97904	1.11932	-0.40319
780.24665	0.00000	17.63650	17.63299	0.98161	1.11289	-0.40576
780.24664	0.00000	17.63650	17.63311	0.98033	1.11289	-0.41735
780.24662	0.00000	17.63650	17.63378	0.98033	1.11160	-0.41477
780.24662	0.00000	17.63650	17.63378	0.97389	1.11417	-0.36200
780.24666	0.00000	17.63650	17.63400	0.97646	1.11546	-0.40576
780.24668	0.00000	17.63650	17.63391	0.97646	1.11160	-0.39933
780.24663	0.00000	17.63650	17.63400	0.97646	1.11031	-0.40319
780.24664	0.00000	17.63700	17.63326	0.99191	1.11803	-0.39418
780.24667	0.00000	17.63700	17.63140	0.98805	1.11289	-0.63999
780.24668	0.00000	17.63700	17.62969	0.98676	1.11160	-0.70434
780.24668	0.00000	17.63700	17.63412	0.98676	1.10645	-0.68504
780.24667	0.00000	17.63700	17.63262	0.98161	1.10774	-0.67346
780.24663	0.00000	17.63700	17.63436	0.97904	1.10902	-0.66187
780.24667	0.00000	17.63700	17.63436	0.97132	1.10516	-0.64900
780.24670	0.00000	17.63700	17.63445	0.97518	1.10774	-0.58851
780.24669	0.00000	17.63700	17.63439	0.97132	1.11031	-0.60138
780.24667	0.00000	17.63700	17.63436	0.96874	1.10130	-0.56149
780.24669	0.00000	17.63750	17.63171	0.98805	1.10902	-0.56792
780.24670	0.00000	17.63750	17.62991	0.98161	1.10516	-0.89096
780.24671	0.00000	17.63750	17.62908	0.98033	1.10516	-0.86393
780.24670	0.00000	17.63750	17.63488	0.97904	1.10002	-0.86007
780.24667	0.00000	17.63750	17.63452	0.98033	1.10002	-0.85878
780.24667	0.00000	17.63750	17.63305	0.97775	1.10002	-0.85492
780.24669	0.00000	17.63750	17.63445	0.97646	1.10259	-0.84205
780.24672	0.00000	17.63750	17.63461	0.97775	1.10002	-0.80859
780.24671	0.00000	17.63750	17.63342	0.97646	1.10002	-0.80859
780.24668	0.00000	17.63750	17.63500	0.97260	1.10130	-0.83562
780.24672	0.00000	17.63800	17.63156	0.98805	1.10516	-0.77899
780.24676	0.00000	17.63800	17.62975	0.98805	1.10259	-1.06599
780.24676	0.00000	17.63800	17.62966	0.98547	1.10774	-1.05955
780.24672	0.00000	17.63800	17.63262	0.98676	1.10259	-1.03253
780.24670	0.00000	17.63800	17.63223	0.98161	1.10259	-1.01580
780.24674	0.00000	17.63800	17.63223	0.98419	1.10388	-1.01065
780.24676	0.00000	17.63800	17.63317	0.98161	1.10259	-1.04540
780.24674	0.00000	17.63800	17.63217	0.98161	1.10130	-1.00679
780.24673	0.00000	17.63800	17.63149	0.97646	1.10259	-1.00421
780.24672	0.00000	17.63800	17.63134	0.98033	1.10130	-0.95917
780.24679	0.00000	17.63850	17.63595	0.99577	1.10002	-0.96303
780.24677	0.00000	17.63850	17.63210	0.99320	1.10516	-1.22686
780.24677	0.00000	17.63850	17.63363	0.99577	1.10259	-1.19469
780.24673	0.00000	17.63850	17.63262	0.99577	1.11031	-1.23716
780.24674	0.00000	17.63850	17.63116	0.99577	1.10516	-1.22043
780.24678	0.00000	17.63850	17.63095	0.99577	1.10516	-1.21785
780.24677	0.00000	17.63850	17.63134	0.99191	1.10259	-1.21142
780.24675	0.00000	17.63850	17.63116	0.99706	1.10516	-1.21528
780.24674	0.00000	17.63850	17.63043	0.99191	1.10388	-1.19340
780.24675	0.00000	17.63850	17.63156	0.99706	1.10516	-1.18053
780.24679	0.00000	17.63900	17.63323	1.00864	1.11675	-1.19597
780.24680	0.00000	17.63900	17.63290	1.00993	1.11546	-1.34012
780.24678	0.00000	17.63900	17.63552	1.01250	1.11932	-1.35556
780.24676	0.00000	17.63900	17.63162	1.01507	1.11803	-1.34269
780.24680	0.00000	17.63900	17.63171	1.02151	1.11932	-1.35942
780.24680	0.00000	17.63900	17.63070	1.02022	1.12576	-1.36457
780.24678	0.00000	17.63900	17.63095	1.01250	1.12061	-1.35685
780.24675	0.00000	17.63900	17.63082	1.01379	1.11932	-1.35041
780.24680	0.00000	17.63900	17.63067	1.02280	1.12189	-1.36071
780.24681	0.00000	17.63900	17.63223	1.02022	1.12318	-1.37229
780.24681	0.00000	17.63950	17.63201	1.03438	1.13734	-1.37873
780.24678	0.00000	17.63950	17.63696	1.03567	1.13991	-1.39288
780.24678	0.00000	17.63950	17.63223	1.03953	1.14763	-1.38645
780.24682	0.00000	17.63950	17.63116	1.03953	1.14249	-1.37229
780.24683	0.00000	17.63950	17.63149	1.03953	1.14249	-1.35556
780.24685	0.00000	17.63950	17.63134	1.03953	1.13991	-1.36843
780.24682	0.00000	17.63950	17.63357	1.03953	1.14763	-1.38259
780.24681	0.00000	17.63950	17.63156	1.03695	1.13991	-1.36328
780.24682	0.00000	17.63950	17.63189	1.04210	1.14377	-1.35556
780.24686	0.00000	17.63950	17.63162	1.04725	1.14892	-1.35041
780.24681	0.00000	17.64000	17.63351	1.05883	1.16050	-1.34526
780.24682	0.00000	17.64000	17.63622	1.06012	1.16050	-1.39160
780.24683	0.00000	17.64000	17.63143	1.06269	1.16050	-1.42892
780.24686	0.00000	17.64000	17.63177	1.06012	1.16050	-1.43407
780.24687	0.00000	17.64000	17.63223	1.06398	1.16436	-1.46624
780.24685	0.00000	17.64000	17.63323	1.06784	1.17080	-1.49198
780.24684	0.00000	17.64000	17.63256	1.06398	1.17080	-1.44436
780.24682	0.00000	17.64000	17.63149	1.06913	1.16951	-1.45337
780.24686	0.00000	17.64000	17.63284	1.06913	1.16951	-1.47139
780.24688	0.00000	17.64000	17.63378	1.07814	1.16823	-1.49713
780.24686	0.00000	17.64050	17.63223	1.08972	1.19010	-1.49327
780.24688	0.00000	17.64050	17.63278	1.09101	1.17595	-1.73780
780.24688	0.00000	17.64050	17.63210	1.09229	1.17852	-1.74423
780.24689	0.00000	17.64050	17.63305	1.09358	1.18367	-1.77512
780.24689	0.00000	17.64050	17.63339	1.09615	1.18238	-1.79056
780.24685	0.00000	17.64050	17.63421	1.10002	1.17981	-1.80086
780.24685	0.00000	17.64050	17.63510	1.09744	1.18367	-1.78928
780.24689	0.00000	17.64050	17.63345	1.10259	1.18238	-1.79314
780.24691	0.00000	17.64050	17.63528	1.10388	1.18882	-1.83303
780.24687	0.00000	17.64050	17.63534	1.10645	1.18496	-1.81888
780.24692	0.00000	17.64100	17.63351	1.11932	1.19654	-1.80343
780.24692	0.00000	17.64100	17.63394	1.11675	1.19525	-1.96945
780.24690	0.00000	17.64100	17.63552	1.12061	1.19911	-1.99005
780.24689	0.00000	17.64100	17.63482	1.12189	1.19783	-1.98232
780.24689	0.00000	17.64100	17.63580	1.12189	1.19654	-2.00034
780.24690	0.00000	17.64100	17.63397	1.12189	1.19139	-1.99005
780.24693	0.00000	17.64100	17.63708	1.12061	1.19397	-1.98490
780.24692	0.00000	17.64100	17.63534	1.11932	1.19654	-1.99133
780.24688	0.00000	17.64100	17.63708	1.11546	1.20040	-1.98490
780.24690	0.00000	17.64100	17.63445	1.13090	1.19783	-1.99777
780.24695	0.00000	17.64150	17.63299	1.13476	1.20426	-1.99391
780.24694	0.00000	17.64150	17.63552	1.13476	1.20426	-2.08657
780.24692	0.00000	17.64150	17.63534	1.13734	1.20426	-2.06598
780.24691	0.00000	17.64150	17.63723	1.13348	1.20555	-2.07885
780.24693	0.00000	17.64150	17.63619	1.13476	1.20812	-2.06984
780.24695	0.00000	17.64150	17.63702	1.13605	1.21327	-2.06598
780.24695	0.00000	17.64150	17.63809	1.13862	1.20812	-2.06855
780.24693	0.00000	17.64150	17.63778	1.13605	1.20684	-2.07370
780.24691	0.00000	17.64150	17.63809	1.13476	1.20812	-2.06469
780.24693	0.00000	17.64150	17.63778	1.13476	1.20812	-2.06598
780.24697	0.00000	17.64200	17.63928	1.14892	1.21456	-2.10330
780.24695	0.00000	17.64200	17.63839	1.14892	1.21584	-2.10201
780.24696	0.00000	17.64200	17.63922	1.14249	1.21584	-2.11617
780.24696	0.00000	17.64200	17.63842	1.14249	1.21584	-2.12389
780.24698	0.00000	17.64200	17.63833	1.14120	1.21327	-2.09558
780.24699	0.00000	17.64200	17.63894	1.13734	1.21456	-2.07499
780.24696	0.00000	17.64200	17.63931	1.13862	1.21327	-2.10201
780.24694	0.00000	17.64200	17.63943	1.13605	1.21327	-2.10330
780.24698	0.00000	17.64200	17.63903	1.13219	1.20684	-2.09944
780.24699	0.00000	17.64200	17.63915	1.12704	1.20297	-2.10716
780.24698	0.00000	17.64250	17.63781	1.13605	1.21070	-2.09301
780.24695	0.00000	17.64250	17.63830	1.13862	1.20812	-2.18567
780.24698	0.00000	17.64250	17.63723	1.13605	1.20555	-2.18824
780.24700	0.00000	17.64250	17.63976	1.13219	1.20426	-2.18953
780.24701	0.00000	17.64250	17.63949	1.13219	1.20297	-2.21141
780.24700	0.00000	17.64250	17.63943	1.12833	1.20169	-2.19725
780.24697	0.00000	17.64250	17.63989	1.12447	1.20297	-2.20626
780.24698	0.00000	17.64250	17.63964	1.12318	1.20040	-2.20240
780.24701	0.00000	17.64250	17.63842	1.13090	1.20555	-2.18052
780.24700	0.00000	17.64250	17.63888	1.12704	1.20684	-2.16765
780.24703	0.00000	17.64300	17.63903	1.15021	1.21842	-2.19082
780.24706	0.00000	17.64300	17.63821	1.14892	1.21584	-2.40188
780.24707	0.00000	17.64300	17.63549	1.14892	1.21327	-2.41089
780.24707	0.00000	17.64300	17.64004	1.14892	1.21584	-2.41475
780.24704	0.00000	17.64300	17.64038	1.14635	1.22099	-2.39674
780.24703	0.00000	17.64300	17.63998	1.14635	1.21584	-2.41218
780.24705	0.00000	17.64300	17.63949	1.14763	1.21070	-2.39802
780.24706	0.00000	17.64300	17.63732	1.14635	1.21327	-2.39287
780.24707	0.00000	17.64300	17.63809	1.14506	1.21198	-2.41604
780.24704	0.00000	17.64300	17.63809	1.14635	1.21198	-2.40188
780.24707	0.00000	17.64350	17.64083	1.15407	1.21713	-2.38258
780.24708	0.00000	17.64350	17.63702	1.15278	1.21842	-2.47910
780.24709	0.00000	17.64350	17.63598	1.15021	1.22099	-2.47009
780.24708	0.00000	17.64350	17.64016	1.15149	1.22228	-2.45465
780.24706	0.00000	17.64350	17.63961	1.15407	1.21584	-2.46752
780.24708	0.00000	17.64350	17.63983	1.14892	1.21584	-2.46752
780.24709	0.00000	17.64350	17.63949	1.14892	1.21842	-2.46495
780.24711	0.00000	17.64350	17.64071	1.15278	1.21327	-2.43921
780.24708	0.00000	17.64350	17.63803	1.14892	1.22743	-2.44693
780.24707	0.00000	17.64350	17.64010	1.14635	1.21327	-2.44821
780.24715	0.00000	17.64400	17.64004	1.15407	1.21971	-2.45208
780.24713	0.00000	17.64400	17.63607	1.15536	1.22228	-2.52157
780.24713	0.00000	17.64400	17.63598	1.15149	1.21713	-2.51128
780.24709	0.00000	17.64400	17.63976	1.15149	1.21584	-2.51771
780.24711	0.00000	17.64400	17.63769	1.15021	1.21842	-2.50870
780.24712	0.00000	17.64400	17.63964	1.16951	1.21584	-2.49583
780.24714	0.00000	17.64400	17.63696	1.15278	1.22099	-2.50613
780.24711	0.00000	17.64400	17.64038	1.14763	1.21713	-2.49712
780.24709	0.00000	17.64400	17.63745	1.14635	1.21842	-2.49326
780.24711	0.00000	17.64400	17.63653	1.14635	1.21198	-2.48425
780.24717	0.00000	17.64450	17.64105	1.16308	1.21971	-2.49841
780.24716	0.00000	17.64450	17.63943	1.15664	1.22357	-2.56790
780.24712	0.00000	17.64450	17.64117	1.15922	1.22228	-2.54989
780.24711	0.00000	17.64450	17.63745	1.15149	1.22357	-2.55375
780.24715	0.00000	17.64450	17.63668	1.15664	1.22357	-2.56404
780.24717	0.00000	17.64450	17.63775	1.16308	1.22485	-2.55632
780.24716	0.00000	17.64450	17.63717	1.16050	1.22614	-2.52672
780.24712	0.00000	17.64450	17.63769	1.15536	1.22485	-2.55761
780.24711	0.00000	17.64450	17.63741	1.16050	1.22357	-2.56018
780.24716	0.00000	17.64450	17.63931	1.16050	1.22099	-2.55117
780.24718	0.00000	17.64500	17.64150	1.16694	1.22743	-2.54731
780.24716	0.00000	17.64500	17.64132	1.16694	1.22871	-2.60651
780.24714	0.00000	17.64500	17.64248	1.16951	1.22614	-2.61166
780.24715	0.00000	17.64500	17.63787	1.16694	1.23129	-2.61166
780.24716	0.00000	17.64500	17.63760	1.16436	1.22614	-2.61810
780.24720	0.00000	17.64500	17.63909	1.16436	1.22743	-2.60780
780.24717	0.00000	17.64500	17.63735	1.16951	1.23386	-2.59493
780.24716	0.00000	17.64500	17.63928	1.16565	1.23129	-2.59364
780.24716	0.00000	17.64500	17.63699	1.16694	1.23129	-2.59622
780.24720	0.00000	17.64500	17.63815	1.16565	1.22743	-2.58978
780.24719	0.00000	17.64550	17.64123	1.17595	1.23129	-2.59236
780.24718	0.00000	17.64550	17.64324	1.17723	1.23515	-2.64255
780.24718	0.00000	17.64550	17.64309	1.17981	1.23644	-2.64512
780.24722	0.00000	17.64550	17.63842	1.17981	1.23772	-2.64126
780.24722	0.00000	17.64550	17.63754	1.18110	1.23901	-2.64641
780.24721	0.00000	17.64550	17.63754	1.18367	1.24673	-2.64126
780.24717	0.00000	17.64550	17.63763	1.18110	1.24030	-2.65285
780.24719	0.00000	17.64550	17.63726	1.17852	1.24030	-2.64770
780.24722	0.00000	17.64550	17.63803	1.17981	1.24158	-2.63869
780.24720	0.00000	17.64550	17.63781	1.18238	1.23644	-2.65027
780.24722	0.00000	17.64600	17.63922	1.19397	1.25445	-2.66314
780.24723	0.00000	17.64600	17.63928	1.19268	1.24931	-2.70304
780.24725	0.00000	17.64600	17.63799	1.19268	1.25188	-2.69403
780.24725	0.00000	17.64600	17.63809	1.19268	1.24931	-2.67987
780.24721	0.00000	17.64600	17.63799	1.19268	1.24673	-2.70433
780.24722	0.00000	17.64600	17.63836	1.19397	1.24673	-2.69403
780.24724	0.00000	17.64600	17.63861	1.19397	1.25059	-2.70561
780.24725	0.00000	17.64600	17.63842	1.19525	1.24545	-2.70819
780.24725	0.00000	17.64600	17.63903	1.19911	1.25317	-2.70819
780.24719	0.00000	17.64600	17.63903	1.20169	1.25445	-2.70947
780.24728	0.00000	17.64650	17.64065	1.20426	1.26089	-2.70046
780.24728	0.00000	17.64650	17.63894	1.21070	1.26346	-2.73650
780.24727	0.00000	17.64650	17.64376	1.20684	1.26218	-2.73779
780.24725	0.00000	17.64650	17.63894	1.20169	1.26218	-2.72363
780.24723	0.00000	17.64650	17.64120	1.21971	1.26475	-2.73264
780.24726	0.00000	17.64650	17.63882	1.21456	1.26732	-2.72234
780.24729	0.00000	17.64650	17.64089	1.21713	1.26732	-2.73650
780.24727	0.00000	17.64650	17.64016	1.21971	1.27118	-2.73907
780.24724	0.00000	17.64650	17.64187	1.22099	1.26861	-2.74680
780.24724	0.00000	17.64650	17.63955	1.22357	1.26990	-2.76095
780.24731	0.00000	17.64700	17.64111	1.22743	1.27633	-2.74294
780.24731	0.00000	17.64700	17.64004	1.22743	1.27762	-2.76224
780.24728	0.00000	17.64700	17.64449	1.23258	1.27762	-2.76095
780.24726	0.00000	17.64700	17.64199	1.23515	1.28534	-2.76610
780.24729	0.00000	17.64700	17.64382	1.23515	1.28019	-2.77511
780.24732	0.00000	17.64700	17.64114	1.23644	1.28405	-2.77125
780.24729	0.00000	17.64700	17.64346	1.23515	1.28405	-2.78155
780.24727	0.00000	17.64700	17.64160	1.23644	1.28148	-2.77640
780.24728	0.00000	17.64700	17.64373	1.23772	1.28148	-2.76224
780.24731	0.00000	17.64700	17.64456	1.23772	1.28405	-2.77768
780.24730	0.00000	17.64750	17.63949	1.24030	1.29178	-2.77511
780.24732	0.00000	17.64750	17.64190	1.23772	1.28663	-2.79184
780.24733	0.00000	17.64750	17.64010	1.24158	1.28534	-2.79442
780.24732	0.00000	17.64750	17.64364	1.23772	1.28663	-2.79055
780.24733	0.00000	17.64750	17.64504	1.24158	1.28405	-2.79570
780.24732	0.00000	17.64750	17.64437	1.24158	1.28148	-2.78927
780.24730	0.00000	17.64750	17.64526	1.23772	1.28277	-2.79442
780.24731	0.00000	17.64750	17.64407	1.23258	1.28019	-2.79055
780.24735	0.00000	17.64750	17.64526	1.23386	1.28148	-2.79956
780.24733	0.00000	17.64750	17.64437	1.23258	1.28920	-2.79313
780.24736	0.00000	17.64800	17.64404	1.23901	1.28534	-2.79055
780.24737	0.00000	17.64800	17.63961	1.23644	1.28148	-2.81501
780.24737	0.00000	17.64800	17.64077	1.23129	1.28405	-2.82015
780.24735	0.00000	17.64800	17.64526	1.23386	1.28405	-2.81758
780.24733	0.00000	17.64800	17.64587	1.23258	1.28019	-2.79570
780.24734	0.00000	17.64800	17.64541	1.23386	1.28277	-2.80857
780.24737	0.00000	17.64800	17.64486	1.23129	1.27762	-2.81887
780.24735	0.00000	17.64800	17.64559	1.23258	1.27118	-2.80857
780.24733	0.00000	17.64800	17.64474	1.23129	1.27891	-2.81887
780.24733	0.00000	17.64800	17.64480	1.23258	1.27762	-2.81115
780.24740	0.00000	17.64850	17.64105	1.23386	1.27891	-2.82015
780.24740	0.00000	17.64850	17.64157	1.23644	1.28019	-2.84075
780.24739	0.00000	17.64850	17.64294	1.23129	1.28019	-2.84332
780.24736	0.00000	17.64850	17.64587	1.23129	1.28019	-2.83946
780.24737	0.00000	17.64850	17.64617	1.23000	1.28019	-2.83817
780.24738	0.00000	17.64850	17.64465	1.22614	1.28277	-2.84847
780.24739	0.00000	17.64850	17.64578	1.23000	1.27505	-2.85104
780.24737	0.00000	17.64850	17.64602	1.23000	1.27891	-2.86134
780.24735	0.00000	17.64850	17.64581	1.22485	1.27891	-2.84461
780.24738	0.00000	17.64850	17.64578	1.22871	1.27505	-2.83817
780.24741	0.00000	17.64900	17.64321	1.22871	1.28534	-2.84847
780.24740	0.00000	17.64900	17.64569	1.22485	1.26861	-2.85104
780.24738	0.00000	17.64900	17.64660	1.22871	1.27891	-2.87035
780.24739	0.00000	17.64900	17.64669	1.22485	1.26732	-2.85490
780.24744	0.00000	17.64900	17.64504	1.22357	1.27376	-2.86391
780.24742	0.00000	17.64900	17.64691	1.22099	1.26861	-2.84976
780.24739	0.00000	17.64900	17.64511	1.21842	1.27118	-2.86005
780.24739	0.00000	17.64900	17.64648	1.21971	1.26861	-2.87163
780.24741	0.00000	17.64900	17.64266	1.21971	1.27118	-2.87163
780.24743	0.00000	17.64900	17.64547	1.21842	1.27118	-2.85619
780.24741	0.00000	17.64950	17.64712	1.21971	1.27376	-2.85490
780.24742	0.00000	17.64950	17.64559	1.22228	1.26990	-2.87550
780.24742	0.00000	17.64950	17.64288	1.22357	1.27247	-2.87035
780.24747	0.00000	17.64950	17.64630	1.22228	1.26990	-2.87292
780.24745	0.00000	17.64950	17.64392	1.22099	1.27118	-2.86134
780.24742	0.00000	17.64950	17.64602	1.22099	1.26990	-2.87936
780.24743	0.00000	17.64950	17.64593	1.21713	1.27633	-2.86777
780.24752	0.00000	17.64950	17.64440	1.22099	1.27247	-2.87421
780.24743	0.00000	17.64950	17.64157	1.22485	1.26732	-2.87421
780.24741	0.00000	17.64950	17.64379	1.21842	1.27505	-2.85876
780.24747	0.00000	17.65000	17.64742	1.22099	1.26990	-2.86777
780.24748	0.00000	17.65000	17.64163	1.21842	1.27118	-2.88579
780.24748	0.00000	17.65000	17.64626	1.21842	1.26861	-2.88579
780.24746	0.00000	17.65000	17.64449	1.22357	1.27247	-2.88708
780.24744	0.00000	17.65000	17.64272	1.22228	1.27247	-2.89609
780.24746	0.00000	17.65000	17.64453	1.22357	1.27376	-2.89351
780.24750	0.00000	17.65000	17.64276	1.20941	1.26732	-2.88965
780.24747	0.00000	17.65000	17.64456	1.22614	1.26990	-2.87292
780.24745	0.00000	17.65000	17.64257	1.20812	1.26604	-2.87550
780.24746	0.00000	17.65000	17.64401	1.21713	1.26861	-2.88064
780.24753	0.00000	17.65050	17.64791	1.21842	1.27247	-2.88579
780.24751	0.00000	17.65050	17.64373	1.22099	1.26990	-2.90638
780.24748	0.00000	17.65050	17.64596	1.22099	1.26732	-2.89737
780.24748	0.00000	17.65050	17.64419	1.21971	1.26732	-2.88965
780.24751	0.00000	17.65050	17.64315	1.21327	1.26990	-2.89094
780.24752	0.00000	17.65050	17.64364	1.21842	1.26861	-2.89609
780.24748	0.00000	17.65050	17.64218	1.21842	1.27118	-2.89480
780.24747	0.00000	17.65050	17.64401	1.21971	1.27118	-2.90252
780.24749	0.00000	17.65050	17.64764	1.22099	1.27118	-2.88708
780.24752	0.00000	17.65050	17.64370	1.21842	1.26346	-2.89480
780.24752	0.00000	17.65100	17.64746	1.21842	1.26990	-2.89351
780.24752	0.00000	17.65100	17.64730	1.21971	1.27247	-2.88965
780.24751	0.00000	17.65100	17.64871	1.21713	1.27633	-2.90252
780.24752	0.00000	17.65100	17.64385	1.22099	1.27505	-2.91411
780.24754	0.00000	17.65100	17.64358	1.21842	1.27118	-2.90896
780.24753	0.00000	17.65100	17.64419	1.22228	1.27118	-2.90638
780.24749	0.00000	17.65100	17.64300	1.22099	1.27247	-2.89480
780.24750	0.00000	17.65100	17.64404	1.22357	1.27247	-2.89866
780.24752	0.00000	17.65100	17.64327	1.21971	1.26861	-2.92183
780.24755	0.00000	17.65100	17.64428	1.21713	1.27247	-2.89866
780.24752	0.00000	17.65150	17.64858	1.22099	1.27118	-2.89737
780.24753	0.00000	17.65150	17.64843	1.22357	1.27118	-2.91539
780.24754	0.00000	17.65150	17.64669	1.22099	1.27376	-2.92054
780.24756	0.00000	17.65150	17.64456	1.21842	1.26990	-2.90510
780.24757	0.00000	17.65150	17.64410	1.22228	1.27376	-2.91024
780.24755	0.00000	17.65150	17.64431	1.21842	1.27247	-2.91925
780.24753	0.00000	17.65150	17.64709	1.21971	1.27247	-2.91153
780.24754	0.00000	17.65150	17.64453	1.21971	1.27118	-2.90510
780.24759	0.00000	17.65150	17.64416	1.21971	1.26732	-2.90252
780.24757	0.00000	17.65150	17.64388	1.21971	1.27118	-2.92697
780.24754	0.00000	17.65200	17.64877	1.22485	1.28019	-2.91797
780.24757	0.00000	17.65200	17.64547	1.22228	1.27118	-2.92054
780.24760	0.00000	17.65200	17.64511	1.21971	1.27247	-2.91925
780.24764	0.00000	17.65200	17.64468	1.22485	1.28148	-2.91153
780.24759	0.00000	17.65200	17.64358	1.23000	1.27505	-2.91024
780.24755	0.00000	17.65200	17.64654	1.22357	1.27505	-2.91797
780.24758	0.00000	17.65200	17.64404	1.22228	1.27505	-2.91282
780.24761	0.00000	17.65200	17.64456	1.22485	1.27247	-2.91668
780.24759	0.00000	17.65200	17.64446	1.22743	1.27891	-2.90767
780.24756	0.00000	17.65200	17.64456	1.22099	1.28148	-2.91668
780.24762	0.00000	17.65150	17.64913	1.22485	1.27376	-2.92569
780.24765	0.00000	17.65150	17.64419	1.22357	1.27376	-2.92826
780.24764	0.00000	17.65150	17.64483	1.22485	1.27247	-2.91411
780.24766	0.00000	17.65150	17.64565	1.22357	1.27505	-2.92440
780.24762	0.00000	17.65150	17.64446	1.22871	1.26861	-2.92697
780.24763	0.00000	17.65150	17.64489	1.22357	1.27633	-2.93984
780.24763	0.00000	17.65150	17.64419	1.23129	1.27505	-2.93598
780.24762	0.00000	17.65150	17.64520	1.22743	1.27376	-2.93212
780.24758	0.00000	17.65150	17.64456	1.22614	1.27762	-2.92569
780.24761	0.00000	17.65150	17.64434	1.23129	1.27762	-2.92826
780.24763	0.00000	17.65100	17.64965	1.22614	1.26990	-2.91668
780.24758	0.00000	17.65100	17.64721	1.22743	1.27505	-2.93084
780.24756	0.00000	17.65100	17.64880	1.22871	1.27891	-2.91797
780.24756	0.00000	17.65100	17.64456	1.22614	1.27891	-2.92569
780.24762	0.00000	17.65100	17.64367	1.23129	1.28019	-2.92569
780.24760	0.00000	17.65100	17.64370	1.22743	1.27891	-2.93598
780.24758	0.00000	17.65100	17.64376	1.22228	1.28277	-2.91668
780.24757	0.00000	17.65100	17.64364	1.23000	1.27891	-2.92826
780.24763	0.00000	17.65100	17.64407	1.22743	1.27633	-2.92569
780.24761	0.00000	17.65100	17.64382	1.23129	1.27891	-2.92697
780.24752	0.00000	17.65050	17.64541	1.23000	1.28019	-2.91024
780.24754	0.00000	17.65050	17.64877	1.22743	1.27633	-2.91925
780.24752	0.00000	17.65050	17.64437	1.22743	1.27633	-2.90638
780.24758	0.00000	17.65050	17.64349	1.23129	1.27376	-2.90124
780.24757	0.00000	17.65050	17.64431	1.23386	1.27633	-2.92054
780.24753	0.00000	17.65050	17.64465	1.23901	1.28148	-2.91925
780.24755	0.00000	17.65050	17.64758	1.23644	1.28405	-2.92697
780.24759	0.00000	17.65050	17.64446	1.23772	1.28663	-2.92955
780.24757	0.00000	17.65050	17.64489	1.24030	1.28920	-2.91539
780.24755	0.00000	17.65050	17.64462	1.24416	1.28663	-2.91282
780.24754	0.00000	17.65000	17.64294	1.24416	1.28792	-2.90896
780.24756	0.00000	17.65000	17.64272	1.24545	1.29435	-2.91153
780.24757	0.00000	17.65000	17.64355	1.25317	1.28792	-2.89866
780.24751	0.00000	17.65000	17.64407	1.25188	1.29435	-2.90510
780.24750	0.00000	17.65000	17.64755	1.25059	1.29950	-2.90381
780.24753	0.00000	17.65000	17.64388	1.25832	1.29821	-2.89995
780.24756	0.00000	17.65000	17.64782	1.25703	1.30207	-2.89866
780.24753	0.00000	17.65000	17.64642	1.26346	1.29306	-2.89866
780.24752	0.00000	17.65000	17.64724	1.26218	1.29435	-2.89351
780.24753	0.00000	17.65000	17.64608	1.25188	1.29821	-2.91153
780.24748	0.00000	17.64950	17.64215	1.25059	1.29692	-2.90252
780.24749	0.00000	17.64950	17.64770	1.25188	1.29435	-2.88837
780.24749	0.00000	17.64950	17.64559	1.25574	1.29564	-2.86134
780.24749	0.00000	17.64950	17.64724	1.25059	1.29821	-2.89609
780.24753	0.00000	17.64950	17.64804	1.24931	1.29435	-2.87292
780.24751	0.00000	17.64950	17.64697	1.24931	1.29306	-2.88579
780.24749	0.00000	17.64950	17.64825	1.25317	1.30593	-2.87421
780.24753	0.00000	17.64950	17.64697	1.25059	1.29564	-2.88193
780.24752	0.00000	17.64950	17.64785	1.25445	1.29306	-2.87807
780.24749	0.00000	17.64950	17.64730	1.25188	1.29306	-2.89223
780.24749	0.00000	17.64900	17.64669	1.24545	1.29435	-2.87678
780.24750	0.00000	17.64900	17.64190	1.24416	1.29306	-2.86391
780.24750	0.00000	17.64900	17.64288	1.24545	1.28792	-2.86777
780.24748	0.00000	17.64900	17.64746	1.24287	1.28663	-2.87421
780.24745	0.00000	17.64900	17.64749	1.23644	1.28405	-2.86134
780.24748	0.00000	17.64900	17.64770	1.24030	1.28920	-2.87807
780.24751	0.00000	17.64900	17.64764	1.24030	1.28792	-2.88965
780.24749	0.00000	17.64900	17.64712	1.24030	1.28792	-2.86005
780.24745	0.00000	17.64900	17.64770	1.24416	1.28534	-2.87292
780.24748	0.00000	17.64900	17.64724	1.23772	1.29049	-2.87550
780.24745	0.00000	17.64850	17.64239	1.24158	1.28405	-2.87807
780.24743	0.00000	17.64850	17.64669	1.23772	1.28277	-2.86649
780.24743	0.00000	17.64850	17.64712	1.23386	1.28277	-2.85748
780.24743	0.00000	17.64850	17.64660	1.23515	1.28534	-2.85104
780.24747	0.00000	17.64850	17.64688	1.23515	1.28019	-2.84332
780.24746	0.00000	17.64850	17.64721	1.23772	1.28019	-2.85362
780.24743	0.00000	17.64850	17.64724	1.22871	1.27891	-2.84976
780.24743	0.00000	17.64850	17.64681	1.23000	1.27633	-2.84718
780.24747	0.00000	17.64850	17.64715	1.22485	1.27891	-2.86520
780.24747	0.00000	17.64850	17.64712	1.22485	1.27376	-2.84461
780.24741	0.00000	17.64800	17.64559	1.22228	1.26861	-2.85619
780.24740	0.00000	17.64800	17.64532	1.21456	1.27118	-2.84718
780.24742	0.00000	17.64800	17.64456	1.21971	1.26990	-2.83560
780.24744	0.00000	17.64800	17.64651	1.21713	1.26732	-2.82788
780.24743	0.00000	17.64800	17.64294	1.21584	1.26475	-2.85490
780.24741	0.00000	17.64800	17.64630	1.21456	1.26475	-2.84847
780.24742	0.00000	17.64800	17.64642	1.21198	1.26604	-2.82402
780.24746	0.00000	17.64800	17.64611	1.21456	1.26346	-2.85362
780.24744	0.00000	17.64800	17.64419	1.21198	1.26475	-2.84203
780.24740	0.00000	17.64800	17.64468	1.21070	1.26475	-2.83817
780.24742	0.00000	17.64750	17.64541	1.21070	1.25574	-2.84847
780.24741	0.00000	17.64750	17.64086	1.20684	1.26218	-2.83302
780.24739	0.00000	17.64750	17.64547	1.20555	1.25574	-2.82402
780.24738	0.00000	17.64750	17.64266	1.20297	1.25574	-2.82273
780.24739	0.00000	17.64750	17.64117	1.19783	1.25574	-2.82015
780.24741	0.00000	17.64750	17.64160	1.19654	1.25574	-2.81887
780.24740	0.00000	17.64750	17.64196	1.20040	1.25317	-2.82015
780.24739	0.00000	17.64750	17.64239	1.19911	1.25317	-2.81629
780.24739	0.00000	17.64750	17.64050	1.20555	1.25188	-2.80342
780.24741	0.00000	17.64750	17.64117	1.19911	1.25188	-2.80600
780.24737	0.00000	17.64700	17.64468	1.19397	1.25188	-2.80600
780.24735	0.00000	17.64700	17.64575	1.19911	1.25059	-2.78412
780.24736	0.00000	17.64700	17.64346	1.19654	1.25188	-2.80214
780.24737	0.00000	17.64700	17.63998	1.19397	1.25188	-2.80471
780.24737	0.00000	17.64700	17.64004	1.19397	1.25059	-2.81758
780.24736	0.00000	17.64700	17.64022	1.20297	1.25703	-2.81372
780.24735	0.00000	17.64700	17.64022	1.19654	1.25188	-2.78927
780.24737	0.00000	17.64700	17.63989	1.19654	1.25317	-2.79956
780.24740	0.00000	17.64700	17.63983	1.20040	1.25188	-2.79570
780.24739	0.00000	17.64700	17.63989	1.19911	1.25188	-2.79442
780.24732	0.00000	17.64650	17.64044	1.19525	1.25317	-2.80085
780.24734	0.00000	17.64650	17.64248	1.19783	1.24673	-2.77897
780.24737	0.00000	17.64650	17.64010	1.19911	1.25445	-2.79442
780.24734	0.00000	17.64650	17.63937	1.19783	1.25188	-2.78798
780.24731	0.00000	17.64650	17.64105	1.20297	1.25188	-2.79828
780.24732	0.00000	17.64650	17.63922	1.20040	1.25317	-2.77897
780.24736	0.00000	17.64650	17.64059	1.20684	1.25832	-2.78412
780.24735	0.00000	17.64650	17.63976	1.21070	1.26089	-2.78412
780.24734	0.00000	17.64650	17.64004	1.21198	1.25960	-2.78283
780.24733	0.00000	17.64650	17.63970	1.21198	1.26218	-2.77640
780.24733	0.00000	17.64600	17.63928	1.21327	1.26089	-2.77511
780.24734	0.00000	17.64600	17.64059	1.21713	1.26346	-2.76739
780.24730	0.00000	17.64600	17.64263	1.21456	1.26604	-2.77768
780.24729	0.00000	17.64600	17.64022	1.21842	1.26604	-2.76224
780.24732	0.00000	17.64600	17.64266	1.22871	1.26732	-2.74808
780.24735	0.00000	17.64600	17.64044	1.22099	1.26732	-2.75838
780.24731	0.00000	17.64600	17.64215	1.22228	1.26732	-2.76610
780.24730	0.00000	17.64600	17.64215	1.22228	1.27633	-2.75581
780.24730	0.00000	17.64600	17.64449	1.21584	1.27247	-2.75838
780.24734	0.00000	17.64600	17.64138	1.22743	1.26861	-2.75709
780.24728	0.00000	17.64550	17.63867	1.22228	1.26861	-2.75452
780.24725	0.00000	17.64550	17.64425	1.22743	1.26732	-2.73007
780.24728	0.00000	17.64550	17.64306	1.21842	1.26475	-2.74036
780.24731	0.00000	17.64550	17.64184	1.21842	1.26475	-2.74422
780.24730	0.00000	17.64550	17.64343	1.21971	1.26861	-2.72749
780.24727	0.00000	17.64550	17.64324	1.21842	1.27247	-2.74551
780.24727	0.00000	17.64550	17.64425	1.21842	1.26732	-2.73521
780.24730	0.00000	17.64550	17.64276	1.22228	1.26732	-2.74294
780.24731	0.00000	17.64550	17.64422	1.22099	1.26604	-2.74422
780.24728	0.00000	17.64550	17.64324	1.22743	1.27376	-2.76610
780.24726	0.00000	17.64500	17.63989	1.21070	1.27762	-2.76481
780.24728	0.00000	17.64500	17.63882	1.20684	1.25832	-2.70819
780.24729	0.00000	17.64500	17.63806	1.20426	1.26346	-2.71720
780.24727	0.00000	17.64500	17.64306	1.20426	1.25574	-2.71977
780.24724	0.00000	17.64500	17.64291	1.20555	1.25574	-2.70947
780.24725	0.00000	17.64500	17.64343	1.19911	1.25574	-2.69532
780.24728	0.00000	17.64500	17.64388	1.20297	1.25317	-2.71462
780.24727	0.00000	17.64500	17.64352	1.20169	1.25188	-2.72749
780.24725	0.00000	17.64500	17.64330	1.19397	1.24673	-2.71333
780.24725	0.00000	17.64500	17.64373	1.19139	1.26604	-2.71977
780.24725	0.00000	17.64450	17.64181	1.19783	1.24158	-2.73521
780.24723	0.00000	17.64450	17.64175	1.17595	1.24030	-2.67473
780.24722	0.00000	17.64450	17.64282	1.17852	1.23644	-2.67987
780.24723	0.00000	17.64450	17.64321	1.18238	1.23515	-2.67601
780.24725	0.00000	17.64450	17.64248	1.17466	1.23129	-2.67859
780.24725	0.00000	17.64450	17.64327	1.17209	1.23000	-2.67987
780.24723	0.00000	17.64450	17.64160	1.17723	1.23644	-2.68373
780.24721	0.00000	17.64450	17.64260	1.18110	1.23129	-2.68888
780.24725	0.00000	17.64450	17.63955	1.17595	1.23386	-2.67730
780.24726	0.00000	17.64450	17.64327	1.17466	1.23258	-2.68631
780.24718	0.00000	17.64400	17.64193	1.17466	1.22357	-2.67730
780.24718	0.00000	17.64400	17.64126	1.17080	1.22871	-2.65671
780.24720	0.00000	17.64400	17.63729	1.17337	1.23129	-2.65799
780.24724	0.00000	17.64400	17.64297	1.17337	1.22743	-2.65671
780.24722	0.00000	17.64400	17.64022	1.16823	1.22871	-2.65285
780.24719	0.00000	17.64400	17.64272	1.17080	1.23129	-2.66572
780.24720	0.00000	17.64400	17.64205	1.17466	1.22743	-2.66314
780.24723	0.00000	17.64400	17.64303	1.17337	1.22871	-2.66443
780.24722	0.00000	17.64400	17.64236	1.17723	1.23386	-2.66314
780.24719	0.00000	17.64400	17.64282	1.17466	1.23258	-2.65027
780.24717	0.00000	17.64350	17.64044	1.17337	1.23000	-2.65285
780.24718	0.00000	17.64350	17.63748	1.17337	1.23386	-2.62325
780.24721	0.00000	17.64350	17.63903	1.17723	1.23386	-2.61424
780.24718	0.00000	17.64350	17.64153	1.17981	1.23515	-2.60008
780.24716	0.00000	17.64350	17.64138	1.18496	1.23901	-2.64255
780.24715	0.00000	17.64350	17.64153	1.18238	1.23901	-2.62325
780.24718	0.00000	17.64350	17.64230	1.18624	1.24030	-2.62325
780.24721	0.00000	17.64350	17.64218	1.18882	1.23901	-2.62839
780.24718	0.00000	17.64350	17.64239	1.19010	1.24287	-2.61810
780.24716	0.00000	17.64350	17.64184	1.18753	1.24931	-2.61681
780.24719	0.00000	17.64300	17.63809	1.18496	1.23772	-2.61295
780.24715	0.00000	17.64300	17.63989	1.18624	1.23772	-2.58721
780.24714	0.00000	17.64300	17.64044	1.18496	1.24287	-2.59622
780.24715	0.00000	17.64300	17.63864	1.19010	1.23386	-2.57048
780.24714	0.00000	17.64300	17.63833	1.19268	1.24287	-2.57305
780.24715	0.00000	17.64300	17.63922	1.19397	1.23515	-2.59493
780.24717	0.00000	17.64300	17.63995	1.18496	1.24287	-2.58850
780.24718	0.00000	17.64300	17.63955	1.18496	1.23901	-2.59622
780.24715	0.00000	17.64300	17.64175	1.18624	1.23901	-2.58978
780.24716	0.00000	17.64300	17.63796	1.18110	1.23901	-2.58978
780.24714	0.00000	17.64250	17.63577	1.17466	1.23258	-2.58850
780.24712	0.00000	17.64250	17.64022	1.17337	1.23644	-2.53187
780.24710	0.00000	17.64250	17.64120	1.16951	1.22871	-2.53573
780.24710	0.00000	17.64250	17.63641	1.15793	1.21842	-2.53316
780.24714	0.00000	17.64250	17.63781	1.15278	1.21971	-2.52415
780.24715	0.00000	17.64250	17.63592	1.15149	1.21327	-2.52543
780.24711	0.00000	17.64250	17.63647	1.15021	1.21198	-2.52029
780.24710	0.00000	17.64250	17.63571	1.14377	1.20941	-2.50613
780.24711	0.00000	17.64250	17.63647	1.14249	1.20812	-2.50999
780.24712	0.00000	17.64250	17.63589	1.14377	1.21456	-2.51514
780.24712	0.00000	17.64200	17.63674	1.13476	1.19911	-2.50484
780.24711	0.00000	17.64200	17.64044	1.13090	1.19268	-2.44307
780.24710	0.00000	17.64200	17.64016	1.12962	1.20426	-2.44049
780.24711	0.00000	17.64200	17.63497	1.12704	1.19783	-2.44307
780.24712	0.00000	17.64200	17.63564	1.12962	1.19525	-2.43148
780.24712	0.00000	17.64200	17.63531	1.12704	1.19397	-2.43534
780.24712	0.00000	17.64200	17.63564	1.12704	1.19654	-2.43921
780.24711	0.00000	17.64200	17.63510	1.12833	1.19268	-2.44435
780.24710	0.00000	17.64200	17.63522	1.12704	1.19268	-2.42119
780.24711	0.00000	17.64200	17.63537	1.12833	1.19654	-2.43148
780.24705	0.00000	17.64150	17.63821	1.10774	1.18110	-2.42634
780.24705	0.00000	17.64150	17.63433	1.10645	1.17981	-2.28477
780.24705	0.00000	17.64150	17.63439	1.10516	1.17981	-2.27576
780.24702	0.00000	17.64150	17.63531	1.10388	1.17595	-2.25388
780.24702	0.00000	17.64150	17.63516	1.10902	1.17852	-2.26289
780.24702	0.00000	17.64150	17.63574	1.10774	1.17852	-2.25517
780.24702	0.00000	17.64150	17.63449	1.11289	1.17723	-2.27318
780.24701	0.00000	17.64150	17.63610	1.10516	1.18110	-2.28477
780.24702	0.00000	17.64150	17.63433	1.10774	1.18367	-2.25903
780.24703	0.00000	17.64150	17.63516	1.10774	1.17723	-2.28734
780.24700	0.00000	17.64100	17.63671	1.09229	1.17337	-2.27962
780.24700	0.00000	17.64100	17.63626	1.09615	1.17466	-2.12003
780.24698	0.00000	17.64100	17.63610	1.09487	1.17080	-2.11488
780.24699	0.00000	17.64100	17.63455	1.09101	1.17080	-2.15349
780.24699	0.00000	17.64100	17.63421	1.09487	1.17209	-2.12775
780.24698	0.00000	17.64100	17.63577	1.09487	1.17466	-2.14062
780.24699	0.00000	17.64100	17.63464	1.09873	1.17209	-2.11102
780.24698	0.00000	17.64100	17.63558	1.08586	1.17209	-2.14062
780.24700	0.00000	17.64100	17.63363	1.08972	1.16823	-2.12389
780.24698	0.00000	17.64100	17.63525	1.10259	1.17466	-2.12775
780.24697	0.00000	17.64050	17.63894	1.08071	1.16436	-2.11488
780.24698	0.00000	17.64050	17.63888	1.07556	1.16179	-2.06855
780.24697	0.00000	17.64050	17.63894	1.07685	1.16179	-2.07756
780.24698	0.00000	17.64050	17.63491	1.08328	1.16179	-2.07113
780.24697	0.00000	17.64050	17.63403	1.07814	1.16050	-2.08400
780.24697	0.00000	17.64050	17.63430	1.08200	1.15922	-2.07499
780.24699	0.00000	17.64050	17.63302	1.07556	1.16308	-2.09687
780.24700	0.00000	17.64050	17.63564	1.08328	1.16308	-2.06855
780.24700	0.00000	17.64050	17.63412	1.08972	1.15664	-2.06598
780.24701	0.00000	17.64050	17.63647	1.08328	1.16565	-2.07499
780.24697	0.00000	17.64000	17.63842	1.07685	1.15407	-2.06212
780.24698	0.00000	17.64000	17.63671	1.07814	1.15664	-2.05182
780.24698	0.00000	17.64000	17.63665	1.07428	1.16179	-2.05568
780.24698	0.00000	17.64000	17.63693	1.08071	1.15793	-2.05054
780.24699	0.00000	17.64000	17.63503	1.08071	1.16050	-2.04796
780.24698	0.00000	17.64000	17.63598	1.08071	1.16179	-2.05440
780.24698	0.00000	17.64000	17.63391	1.07942	1.15793	-2.06598
780.24697	0.00000	17.64000	17.63693	1.08200	1.15922	-2.07113
780.24697	0.00000	17.64000	17.63333	1.07556	1.15407	-2.05054
780.24697	0.00000	17.64000	17.63574	1.07942	1.15793	-2.05182
780.24695	0.00000	17.63950	17.63760	1.06913	1.15407	-2.06083
780.24694	0.00000	17.63950	17.63238	1.06913	1.15021	-2.00935
780.24696	0.00000	17.63950	17.63296	1.06913	1.15536	-2.00292
780.24696	0.00000	17.63950	17.63684	1.06784	1.15149	-1.98876
780.24694	0.00000	17.63950	17.63421	1.08328	1.15149	-2.00292
780.24694	0.00000	17.63950	17.63680	1.07299	1.15664	-2.01193
780.24693	0.00000	17.63950	17.63510	1.07170	1.15149	-2.00935
780.24693	0.00000	17.63950	17.63659	1.06269	1.14763	-1.98361
780.24693	0.00000	17.63950	17.63549	1.06784	1.15149	-2.00163
780.24691	0.00000	17.63950	17.63674	1.06784	1.15149	-2.00935
780.24688	0.00000	17.63900	17.63711	1.05497	1.13991	-1.98619
780.24688	0.00000	17.63900	17.63238	1.06012	1.14249	-1.89867
780.24688	0.00000	17.63900	17.63503	1.06141	1.14506	-1.88966
780.24688	0.00000	17.63900	17.63647	1.06527	1.15021	-1.92827
780.24686	0.00000	17.63900	17.63537	1.05883	1.14377	-1.91926
780.24688	0.00000	17.63900	17.63717	1.05626	1.15407	-1.91154
780.24688	0.00000	17.63900	17.63357	1.06141	1.14635	-1.91283
780.24687	0.00000	17.63900	17.63696	1.05754	1.14249	-1.94243
780.24687	0.00000	17.63900	17.63598	1.06012	1.14377	-1.89996
780.24689	0.00000	17.63900	17.63729	1.06269	1.14506	-1.92312
780.24684	0.00000	17.63850	17.63708	1.04982	1.13862	-1.93213
780.24685	0.00000	17.63850	17.63552	1.05111	1.13991	-1.76611
780.24686	0.00000	17.63850	17.63555	1.04854	1.13605	-1.80472
780.24685	0.00000	17.63850	17.63677	1.04982	1.13862	-1.76482
780.24685	0.00000	17.63850	17.63717	1.04725	1.13991	-1.79700
780.24685	0.00000	17.63850	17.63659	1.05754	1.14249	-1.81373
780.24686	0.00000	17.63850	17.63592	1.05368	1.14377	-1.79829
780.24686	0.00000	17.63850	17.63708	1.05368	1.14120	-1.80601
780.24688	0.00000	17.63850	17.63305	1.05883	1.14249	-1.82016
780.24688	0.00000	17.63850	17.63690	1.06398	1.14763	-1.83046
780.24686	0.00000	17.63800	17.63363	1.04725	1.13991	-1.86135
780.24687	0.00000	17.63800	17.63485	1.05754	1.14120	-1.60009
780.24688	0.00000	17.63800	17.63555	1.05754	1.14249	-1.62840
780.24687	0.00000	17.63800	17.63638	1.04854	1.14249	-1.63870
780.24685	0.00000	17.63800	17.63592	1.05626	1.14377	-1.64385
780.24687	0.00000	17.63800	17.63622	1.05754	1.14763	-1.66058
780.24687	0.00000	17.63800	17.63635	1.05883	1.14635	-1.65414
780.24689	0.00000	17.63800	17.63659	1.05883	1.14506	-1.71206
780.24687	0.00000	17.63800	17.63665	1.05754	1.14635	-1.70948
780.24682	0.00000	17.63800	17.63629	1.05754	1.14763	-1.66444
780.24685	0.00000	17.63750	17.63406	1.04725	1.14635	-1.66959
780.24684	0.00000	17.63750	17.63201	1.05111	1.14506	-1.45208
780.24684	0.00000	17.63750	17.63116	1.04725	1.14377	-1.42892
780.24683	0.00000	17.63750	17.63549	1.05111	1.14892	-1.42377
780.24683	0.00000	17.63750	17.63583	1.05497	1.15149	-1.48941
780.24683	0.00000	17.63750	17.63580	1.05754	1.14892	-1.49327
780.24681	0.00000	17.63750	17.63400	1.05497	1.14763	-1.49970
780.24683	0.00000	17.63750	17.63543	1.05626	1.15021	-1.49842
780.24682	0.00000	17.63750	17.63250	1.05626	1.15149	-1.47139
780.24681	0.00000	17.63750	17.63558	1.05626	1.15664	-1.46882
780.24679	0.00000	17.63700	17.63458	1.04467	1.14506	-1.46753
780.24678	0.00000	17.63700	17.62969	1.05626	1.14506	-1.27319
780.24677	0.00000	17.63700	17.62979	1.04467	1.14249	-1.28349
780.24679	0.00000	17.63700	17.63223	1.04339	1.14377	-1.27577
780.24679	0.00000	17.63700	17.63497	1.04339	1.14249	-1.27834
780.24678	0.00000	17.63700	17.63302	1.04210	1.14249	-1.27319
780.24677	0.00000	17.63700	17.63464	1.03824	1.14506	-1.28349
780.24677	0.00000	17.63700	17.63134	1.03824	1.13734	-1.28992
780.24678	0.00000	17.63700	17.63336	1.03824	1.14120	-1.28478
780.24679	0.00000	17.63700	17.63189	1.03567	1.13734	-1.29121
780.24674	0.00000	17.63650	17.63037	1.01765	1.12061	-1.28606
780.24675	0.00000	17.63650	17.63326	1.01379	1.11932	-1.32853
780.24673	0.00000	17.63650	17.63235	1.01250	1.11289	-1.32725
780.24673	0.00000	17.63650	17.63021	1.00993	1.11289	-1.34269
780.24676	0.00000	17.63650	17.63391	1.00607	1.10902	-1.33239
780.24674	0.00000	17.63650	17.62982	1.00478	1.11160	-1.32982
780.24674	0.00000	17.63650	17.63250	1.00607	1.10774	-1.33111
780.24675	0.00000	17.63650	17.62951	0.99577	1.10130	-1.33754
780.24675	0.00000	17.63650	17.63018	0.99706	1.10516	-1.32596
780.24679	0.00000	17.63650	17.63015	0.99448	1.10388	-1.33497
780.24672	0.00000	17.63600	17.62869	0.98033	1.07942	-1.32853
780.24673	0.00000	17.63600	17.63439	0.98161	1.09101	-1.24102
780.24674	0.00000	17.63600	17.63461	0.98676	1.09358	-1.25646
780.24673	0.00000	17.63600	17.62899	0.98033	1.09229	-1.24359
780.24672	0.00000	17.63600	17.63055	0.98676	1.09229	-1.25646
780.24674	0.00000	17.63600	17.62945	0.99062	1.09615	-1.25131
780.24675	0.00000	17.63600	17.63378	0.99320	1.09873	-1.26933
780.24674	0.00000	17.63600	17.62979	0.99577	1.10774	-1.29121
780.24676	0.00000	17.63600	17.62957	0.99706	1.10130	-1.28349
780.24673	0.00000	17.63600	17.62960	0.99577	1.10259	-1.28735
780.24671	0.00000	17.63550	17.63030	0.98419	1.09101	-1.27577
780.24671	0.00000	17.63550	17.63366	0.99191	1.09615	-1.13677
780.24670	0.00000	17.63550	17.63323	0.99191	1.09615	-1.15093
780.24671	0.00000	17.63550	17.63012	0.99062	1.09358	-1.16123
780.24670	0.00000	17.63550	17.63156	0.99577	1.09873	-1.15222
780.24671	0.00000	17.63550	17.63037	0.99448	1.09873	-1.15736
780.24670	0.00000	17.63550	17.63333	0.99834	1.10259	-1.16380
780.24670	0.00000	17.63550	17.63095	0.99577	1.10388	-1.18310
780.24673	0.00000	17.63550	17.63339	0.99706	1.10002	-1.17152
780.24669	0.00000	17.63550	17.63204	1.00092	1.10259	-1.20112
780.24664	0.00000	17.63500	17.62774	0.98161	1.09358	-1.19984
780.24669	0.00000	17.63500	17.63305	0.98161	1.08843	-0.99778
780.24671	0.00000	17.63500	17.63311	0.98290	1.09358	-0.99649
780.24669	0.00000	17.63500	17.63168	0.98033	1.09358	-0.97075
780.24667	0.00000	17.63500	17.63262	0.97904	1.09487	-0.94115
780.24671	0.00000	17.63500	17.63128	0.98033	1.10002	-0.94501
780.24668	0.00000	17.63500	17.63128	0.98419	1.09358	-0.95016
780.24669	0.00000	17.63500	17.63177	0.98290	1.09744	-0.98619
780.24670	0.00000	17.63500	17.63326	0.98676	1.09873	-0.99006
780.24670	0.00000	17.63500	17.63217	0.98419	1.09873	-1.05183
780.24666	0.00000	17.63450	17.62878	0.97003	1.09101	-0.98105
780.24667	0.00000	17.63450	17.63244	0.96488	1.08843	-0.67346
780.24668	0.00000	17.63450	17.63223	0.97132	1.08972	-0.65930
780.24668	0.00000	17.63450	17.63140	0.96617	1.09101	-0.67860
780.24666	0.00000	17.63450	17.63217	0.96617	1.08715	-0.72107
780.24667	0.00000	17.63450	17.63122	0.96874	1.09101	-0.67732
780.24666	0.00000	17.63450	17.63311	0.96874	1.08843	-0.57565
780.24666	0.00000	17.63450	17.63162	0.96746	1.08843	-0.70821
780.24666	0.00000	17.63450	17.63290	0.96746	1.08972	-0.56792
780.24666	0.00000	17.63450	17.63122	0.96746	1.09229	-0.69791
780.24665	0.00000	17.63400	17.62710
780.24664	0.00000	17.63400	17.63101
780.24664	0.00000	17.63400	17.63149
780.24665	0.00000	17.63400	17.63195
780.24665	0.00000	17.63400	17.63244
780.24664	0.00000	17.63400	17.63217
780.24664	0.00000	17.63400	17.63195
780.24665	0.00000	17.63400	17.63229
780.24666	0.00000	17.63400	17.63217
780.24664	0.00000	17.63400	17.63210
780.24666	0.00000	17.63350	17.62817
780.24664	0.00000	17.63350	17.63088
780.24664	0.00000	17.63350	17.63171
780.24665	0.00000	17.63350	17.63055
780.24664	0.00000	17.63350	17.63116
780.24665	0.00000	17.63350	17.63070
780.24666	0.00000	17.63350	17.63250
780.24666	0.00000	17.63350	17.63122
780.24665	0.00000	17.63350	17.63107
780.24666	0.00000	17.63350	17.63070
780.24664	0.00000	17.63300	17.63018
780.24665	0.00000	17.63300	17.63116
780.24665	0.00000	17.63300	17.63101
780.24665	0.00000	17.63300	17.63070
780.24664	0.00000	17.63300	17.63055
780.24665	0.00000	17.63300	17.63055
780.24665	0.00000	17.63300	17.62969
780.24664	0.00000	17.63300	17.63012
780.24665	0.00000	17.63300	17.63073
780.24665	0.00000	17.63300	17.63064
780.24664	0.00000	17.63250	17.62994
780.24665	0.00000	17.63250	17.63000
780.24665	0.00000	17.63250	17.62893
780.24665	0.00000	17.63250	17.63021
780.24664	0.00000	17.63250	17.63061
780.24665	0.00000	17.63250	17.63049
780.24664	0.00000	17.63250	17.63088
780.24665	0.00000	17.63250	17.63055
780.24665	0.00000	17.63250	17.63064
780.24666	0.00000	17.63250	17.63104
780.24664	0.00000	17.63200	17.62954
780.24664	0.00000	17.63200	17.63061
780.24665	0.00000	17.63200	17.63049
780.24665	0.00000	17.63200	17.62933
780.24664	0.00000	17.63200	17.63003
780.24667	0.00000	17.63200	17.63067
780.24666	0.00000	17.63200	17.63037
780.24665	0.00000	17.63200	17.63046
780.24665	0.00000	17.63200	17.63009
780.24664	0.00000	17.63200	17.62914
780.24665	0.00000	17.63150	17.62695
780.24664	0.00000	17.63150	17.63033
780.24663	0.00000	17.63150	17.63003
780.24666	0.00000	17.63150	17.62866
780.24666	0.00000	17.63150	17.63046
780.24666	0.00000	17.63150	17.62676
780.24665	0.00000	17.63150	17.62823
780.24665	0.00000	17.63150	17.62875
780.24664	0.00000	17.63150	17.62826
780.24664	0.00000	17.63150	17.62881
780.24664	0.00000	17.63100	17.62747
780.24664	0.00000	17.63100	17.62832
780.24665	0.00000	17.63100	17.62811
780.24664	0.00000	17.63100	17.62832
780.24664	0.00000	17.63100	17.62780
780.24663	0.00000	17.63100	17.62777
780.24663	0.00000	17.63100	17.62762
780.24664	0.00000	17.63100	17.62780
780.24664	0.00000	17.63100	17.62881
780.24664	0.00000	17.63100	17.62692
780.24663	0.00000	17.63050	17.62777
780.24663	0.00000	17.63050	17.62695
780.24664	0.00000	17.63050	17.62679
780.24663	0.00000	17.63050	17.62673
780.24662	0.00000	17.63050	17.62701
780.24663	0.00000	17.63050	17.62679
780.24662	0.00000	17.63050	17.62686
780.24663	0.00000	17.63050	17.62698
780.24662	0.00000	17.63050	17.62667
780.24662	0.00000	17.63050	17.62692
780.24661	0.00000	17.63000	17.62737
780.24661	0.00000	17.63000	17.62719
780.24660	0.00000	17.63000	17.62701
780.24661	0.00000	17.63000	17.62756
780.24656	0.00000	17.63000	17.62747
780.24661	0.00000	17.63000	17.62786
780.24661	0.00000	17.63000	17.62774
780.24661	0.00000	17.63000	17.62777
780.24660	0.00000	17.63000	17.62808
780.24661	0.00000	17.63000	17.62759
780.24661	0.00000	17.62950	17.63049
780.24660	0.00000	17.62950	17.62866
780.24662	0.00000	17.62950	17.62728
780.24662	0.00000	17.62950	17.62856
780.24660	0.00000	17.62950	17.62896
780.24660	0.00000	17.62950	17.62930
780.24662	0.00000	17.62950	17.62972
780.24662	0.00000	17.62950	17.62902
780.24661	0.00000	17.62950	17.62951
780.24662	0.00000	17.62950	17.62969
780.24662	0.00000	17.62900	17.63079
780.24662	0.00000	17.62900	17.63107
780.24661	0.00000	17.62900	17.62914
780.24655	0.00000	17.62900	17.63030
780.24662	0.00000	17.62900	17.63070
780.24662	0.00000	17.62900	17.62863
780.24663	0.00000	17.62900	17.63149
780.24662	0.00000	17.62900	17.63055
780.24662	0.00000	17.62900	17.62792
780.24663	0.00000	17.62900	17.63110
780.24663	0.00000	17.62850	17.63183
780.24662	0.00000	17.62850	17.63095
780.24662	0.00000	17.62850	17.63107
780.24662	0.00000	17.62850	17.63012
780.24662	0.00000	17.62850	17.63143
780.24663	0.00000	17.62850	17.63037
780.24663	0.00000	17.62850	17.63128
780.24663	0.00000	17.62850	17.63189
780.24663	0.00000	17.62850	17.63162
780.24662	0.00000	17.62850	17.63079
780.24663	0.00000	17.62800	17.63168
780.24663	0.00000	17.62800	17.63122
780.24663	0.00000	17.62800	17.63204
780.24662	0.00000	17.62800	17.63223
780.24664	0.00000	17.62800	17.63250
780.24663	0.00000	17.62800	17.63217
780.24662	0.00000	17.62800	17.63244
780.24662	0.00000	17.62800	17.63244
780.24664	0.00000	17.62800	17.63235
780.24663	0.00000	17.62800	17.63265
780.24664	0.00000	17.62750	17.63265
780.24663	0.00000	17.62750	17.63229
780.24663	0.00000	17.62750	17.63204
780.24663	0.00000	17.62750	17.63268
780.24664	0.00000	17.62750	17.63183
780.24664	0.00000	17.62750	17.63210
780.24664	0.00000	17.62750	17.63232
780.24664	0.00000	17.62750	17.63244
780.24663	0.00000	17.62750	17.63217
780.24664	0.00000	17.62750	17.63232
780.24664	0.00000	17.62700	17.63223
780.24664	0.00000	17.62700	17.63262
780.24665	0.00000	17.62700	17.63195
780.24665	0.00000	17.62700	17.63244
780.24664	0.00000	17.62700	17.63256
780.24664	0.00000	17.62700	17.63262
780.24666	0.00000	17.62700	17.63268
780.24665	0.00000	17.62700	17.63256
780.24665	0.00000	17.62700	17.63223
780.24666	0.00000	17.62700	17.63262
780.24667	0.00000	17.62650	17.63244
780.24664	0.00000	17.62650	17.63210
780.24666	0.00000	17.62650	17.63189
780.24665	0.00000	17.62650	17.63238
780.24665	0.00000	17.62650	17.63156
780.24667	0.00000	17.62650	17.63223
780.24665	0.00000	17.62650	17.63223
780.24665	0.00000	17.62650	17.63244
780.24666	0.00000	17.62650	17.63229
780.24667	0.00000	17.62650	17.63183
780.24665	0.00000	17.62600	17.62991
780.24665	0.00000	17.62600	17.63168
780.24666	0.00000	17.62600	17.63183
780.24666	0.00000	17.62600	17.63156
780.24666	0.00000	17.62600	17.63122
780.24666	0.00000	17.62600	17.63055
780.24665	0.00000	17.62600	17.63110
780.24665	0.00000	17.62600	17.63140
780.24665	0.00000	17.62600	17.63128
780.24666	0.00000	17.62600	17.63149
780.24666	0.00000	17.62550	17.62805
780.24666	0.00000	17.62550	17.63149
780.24667	0.00000	17.62550	17.63122
780.24666	0.00000	17.62550	17.63143
780.24666	0.00000	17.62550	17.63177
780.24666	0.00000	17.62550	17.63055
780.24666	0.00000	17.62550	17.63101
780.24666	0.00000	17.62550	17.63095
780.24666	0.00000	17.62550	17.63122
780.24666	0.00000	17.62550	17.63104
780.24665	0.00000	17.62500	17.62850
780.24666	0.00000	17.62500	17.63107
780.24666	0.00000	17.62500	17.63134
780.24665	0.00000	17.62500	17.63116
780.24667	0.00000	17.62500	17.63116
780.24666	0.00000	17.62500	17.63134
780.24666	0.00000	17.62500	17.63064
780.24666	0.00000	17.62500	17.63217
780.24665	0.00000	17.62500	17.63122
780.24665	0.00000	17.62500	17.63095
780.24665	0.00000	17.62450	17.62847
780.24665	0.00000	17.62450	17.63082
780.24666	0.00000	17.62450	17.63177
780.24666	0.00000	17.62450	17.63128
780.24666	0.00000	17.62450	17.63116
780.24666	0.00000	17.62450	17.63110
780.24666	0.00000	17.62450	17.63021
780.24665	0.00000	17.62450	17.63134
780.24666	0.00000	17.62450	17.63156
780.24666	0.00000	17.62450	17.63134
780.24666	0.00000	17.62400	17.63116
780.24666	0.00000	17.62400	17.62844
780.24665	0.00000	17.62400	17.63171
780.24665	0.00000	17.62400	17.63232
780.24665	0.00000	17.62400	17.63232
780.24664	0.00000	17.62400	17.63229
780.24664	0.00000	17.62400	17.63262
780.24665	0.00000	17.62400	17.63244
780.24664	0.00000	17.62400	17.63256
780.24665	0.00000	17.62400	17.63238
780.24666	0.00000	17.62350	17.63143
780.24664	0.00000	17.62350	17.63217
780.24664	0.00000	17.62350	17.63204
780.24665	0.00000	17.62350	17.63201
780.24666	0.00000	17.62350	17.63223
780.24667	0.00000	17.62350	17.63210
780.24665	0.00000	17.62350	17.63149
780.24666	0.00000	17.62350	17.63156
780.24666	0.00000	17.62350	17.63183
780.24666	0.00000	17.62350	17.63244
780.24666	0.00000	17.62300	17.63003
780.24667	0.00000	17.62300	17.63171
780.24667	0.00000	17.62300	17.63183
780.24666	0.00000	17.62300	17.63177
780.24666	0.00000	17.62300	17.63134
780.24666	0.00000	17.62300	17.63128
780.24665	0.00000	17.62300	17.63162
780.24667	0.00000	17.62300	17.63195
780.24666	0.00000	17.62300	17.63171
780.24666	0.00000	17.62300	17.63122
780.24665	0.00000	17.62250	17.62884
780.24666	0.00000	17.62250	17.63156
780.24666	0.00000	17.62250	17.63177
780.24666	0.00000	17.62250	17.63195
780.24667	0.00000	17.62250	17.63128
780.24667	0.00000	17.62250	17.63134
780.24666	0.00000	17.62250	17.63189
780.24667	0.00000	17.62250	17.63104
780.24666	0.00000	17.62250	17.63095
780.24666	0.00000	17.62250	17.63070
780.24666	0.00000	17.62200	17.62988
780.24667	0.00000	17.62200	17.63037
780.24666	0.00000	17.62200	17.63095
780.24667	0.00000	17.62200	17.63088
780.24667	0.00000	17.62200	17.62963
780.24665	0.00000	17.62200	17.62945
780.24667	0.00000	17.62200	17.62997
780.24662	0.00000	17.62200	17.62966
780.24666	0.00000	17.62200	17.62945
780.24666	0.00000	17.62200	17.62930
780.24666	0.00000	17.62150	17.62728
780.24667	0.00000	17.62150	17.62975
780.24666	0.00000	17.62150	17.63082
780.24666	0.00000	17.62150	17.63037
780.24667	0.00000	17.62150	17.63027
780.24665	0.00000	17.62150	17.62838
780.24666	0.00000	17.62150	17.63049
780.24666	0.00000	17.62150	17.63021
780.24667	0.00000	17.62150	17.62997
780.24667	0.00000	17.62150	17.62991
780.24666	0.00000	17.62100	17.62737
780.24666	0.00000	17.62100	17.62960
780.24667	0.00000	17.62100	17.62908
780.24667	0.00000	17.62100	17.62826
780.24665	0.00000	17.62100	17.62963
780.24665	0.00000	17.62100	17.62789
780.24667	0.00000	17.62100	17.62921
780.24668	0.00000	17.62100	17.62979
780.24666	0.00000	17.62100	17.62954
780.24667	0.00000	17.62100	17.62948
780.24665	0.00000	17.62050	17.62869
780.24666	0.00000	17.62050	17.62933
780.24666	0.00000	17.62050	17.62994
780.24666	0.00000	17.62050	17.62771
780.24667	0.00000	17.62050	17.62744
780.24666	0.00000	17.62050	17.62887
780.24666	0.00000	17.62050	17.62872
780.24666	0.00000	17.62050	17.62911
780.24667	0.00000	17.62050	17.62881
780.24666	0.00000	17.62050	17.62881
